patient	chr	gene_name	event	bin
MMS	chr1	BCL10	GAIN	50kb
MMS	chr1	MTOR	GAIN	10kb
MMS	chr1	MTOR	GAIN	50kb
MMS	chr1	NOTCH2	HETD	1000kb
MMS	chr1	NOTCH2	HETD	10kb
MMS	chr1	NOTCH2	HETD	500kb
MMS	chr1	NOTCH2	HETD	50kb
MMS	chr1	PRDM16	GAIN	10kb
MMS	chr1	PRDM16	GAIN	50kb
MMS	chr1	PRDM2	GAIN	10kb
MMS	chr1	PRDM2	GAIN	50kb
MMS	chr1	RPL22	GAIN	10kb
MMS	chr1	RPL22	GAIN	50kb
MMS	chr1	SETDB1	HETD	1000kb
MMS	chr1	SETDB1	HETD	10kb
MMS	chr1	SETDB1	HETD	500kb
MMS	chr1	SETDB1	HETD	50kb
MMS	chr1	TNFRSF14	GAIN	10kb
MMS	chr1	TNFRSF14	GAIN	50kb
MMS	chr10	FAS	GAIN	10kb
MMS	chr10	FAS	GAIN	50kb
MMS	chr12	KMT2D	HETD	50kb
MMS	chr13	RB1	GAIN	10kb
MMS	chr13	RB1	GAIN	50kb
MMS	chr14	AKT1	GAIN	50kb
MMS	chr14	BCL11B	GAIN	10kb
MMS	chr14	BCL11B	GAIN	50kb
MMS	chr14	TCL1A	GAIN	10kb
MMS	chr14	TCL1A	GAIN	50kb
MMS	chr15	IDH2	HETD	50kb
MMS	chr17	STAT3	HETD	10kb
MMS	chr17	STAT3	HETD	50kb
MMS	chr17	STAT5B	HETD	10kb
MMS	chr17	STAT5B	HETD	50kb
MMS	chr17	TP53	HETD	10kb
MMS	chr17	TP53	HETD	50kb
MMS	chr18	BCL2	GAIN	10kb
MMS	chr18	BCL2	HETD	10kb
MMS	chr19	AKT2	HETD	1000kb
MMS	chr19	AKT2	HETD	10kb
MMS	chr19	AKT2	HETD	500kb
MMS	chr19	AKT2	HETD	50kb
MMS	chr19	JAK3	HETD	1000kb
MMS	chr19	JAK3	HETD	10kb
MMS	chr19	JAK3	HETD	500kb
MMS	chr19	JAK3	HETD	50kb
MMS	chr19	VAV1	HETD	1000kb
MMS	chr19	VAV1	HETD	10kb
MMS	chr19	VAV1	HETD	500kb
MMS	chr19	VAV1	HETD	50kb
MMS	chr2	CD28	GAIN	50kb
MMS	chr20	PLCG1	GAIN	10kb
MMS	chr20	PLCG1	GAIN	50kb
MMS	chr3	RHOA	HETD	10kb
MMS	chr3	RHOA	HETD	50kb
MMS	chr3	SETD2	HETD	50kb
MMS	chr6	IRF4	GAIN	10kb
MMS	chr6	IRF4	GAIN	50kb
MMS	chr8	MYC	GAIN	10kb
MMS	chr8	MYC	GAIN	50kb
MMS	chr9	CDKN2A	GAIN	10kb
MMS	chr9	NOTCH1	GAIN	50kb
RDV	chr1	MTOR	AMP	10kb
RDV	chr1	MTOR	AMP	500kb
RDV	chr1	MTOR	AMP	50kb
RDV	chr1	NOTCH2	GAIN	10kb
RDV	chr1	NOTCH2	GAIN	50kb
RDV	chr1	PRDM16	HETD	500kb
RDV	chr1	PRDM2	AMP	10kb
RDV	chr1	PRDM2	AMP	500kb
RDV	chr1	PRDM2	AMP	50kb
RDV	chr1	RPL22	HETD	10kb
RDV	chr1	RPL22	HETD	500kb
RDV	chr1	RPL22	HETD	50kb
RDV	chr1	SETDB1	HETD	50kb
RDV	chr1	TNFRSF14	HETD	500kb
RDV	chr1	TNFRSF14	HETD	50kb
RDV	chr10	GATA3	GAIN	10kb
RDV	chr10	GATA3	GAIN	50kb
RDV	chr10	ZEB1	HETD	1000kb
RDV	chr10	ZEB1	HETD	10kb
RDV	chr10	ZEB1	HETD	500kb
RDV	chr10	ZEB1	HETD	50kb
RDV	chr11	ATM	GAIN	10kb
RDV	chr11	ATM	GAIN	50kb
RDV	chr12	KMT2D	HETD	50kb
RDV	chr13	LATS2	HETD	1000kb
RDV	chr13	LATS2	HETD	10kb
RDV	chr13	LATS2	HETD	500kb
RDV	chr13	LATS2	HETD	50kb
RDV	chr13	RB1	HETD	1000kb
RDV	chr13	RB1	HETD	10kb
RDV	chr13	RB1	HETD	500kb
RDV	chr13	RB1	HETD	50kb
RDV	chr14	AKT1	AMP	1000kb
RDV	chr14	AKT1	AMP	10kb
RDV	chr14	AKT1	AMP	500kb
RDV	chr14	AKT1	AMP	50kb
RDV	chr14	BCL11B	AMP	1000kb
RDV	chr14	BCL11B	AMP	500kb
RDV	chr14	BCL11B	HLAMP2	10kb
RDV	chr14	BCL11B	HLAMP2	50kb
RDV	chr14	TCL1A	AMP	1000kb
RDV	chr14	TCL1A	AMP	500kb
RDV	chr14	TCL1A	GAIN	10kb
RDV	chr14	TCL1A	GAIN	50kb
RDV	chr15	IDH2	HETD	50kb
RDV	chr16	PRKCB	GAIN	10kb
RDV	chr17	STAT3	HETD	50kb
RDV	chr17	STAT5B	HETD	50kb
RDV	chr17	TP53	HETD	10kb
RDV	chr17	TP53	HETD	50kb
RDV	chr18	BCL2	HLAMP2	1000kb
RDV	chr18	BCL2	HLAMP2	10kb
RDV	chr18	BCL2	HLAMP2	500kb
RDV	chr18	BCL2	HLAMP2	50kb
RDV	chr19	AKT2	HETD	1000kb
RDV	chr19	AKT2	HETD	500kb
RDV	chr19	AKT2	HETD	50kb
RDV	chr19	JAK3	AMP	1000kb
RDV	chr19	JAK3	AMP	10kb
RDV	chr19	JAK3	AMP	500kb
RDV	chr19	JAK3	AMP	50kb
RDV	chr19	VAV1	AMP	1000kb
RDV	chr19	VAV1	AMP	10kb
RDV	chr19	VAV1	AMP	500kb
RDV	chr19	VAV1	AMP	50kb
RDV	chr2	CD28	GAIN	1000kb
RDV	chr2	CD28	GAIN	10kb
RDV	chr2	CD28	GAIN	500kb
RDV	chr2	CD28	GAIN	50kb
RDV	chr2	DNMT3A	GAIN	1000kb
RDV	chr2	DNMT3A	GAIN	10kb
RDV	chr2	DNMT3A	GAIN	500kb
RDV	chr2	DNMT3A	GAIN	50kb
RDV	chr20	PLCG1	GAIN	10kb
RDV	chr20	PLCG1	GAIN	50kb
RDV	chr3	PIK3CA	HETD	1000kb
RDV	chr3	PIK3CA	HETD	10kb
RDV	chr3	PIK3CA	HETD	500kb
RDV	chr3	PIK3CA	HETD	50kb
RDV	chr3	RHOA	HETD	1000kb
RDV	chr3	RHOA	HETD	10kb
RDV	chr3	RHOA	HETD	500kb
RDV	chr3	RHOA	HETD	50kb
RDV	chr3	SETD2	HETD	1000kb
RDV	chr3	SETD2	HETD	10kb
RDV	chr3	SETD2	HETD	500kb
RDV	chr3	SETD2	HETD	50kb
RDV	chr4	TET2	GAIN	10kb
RDV	chr4	TET2	GAIN	50kb
RDV	chr7	CARD11	HETD	50kb
RDV	chr8	MYC	GAIN	10kb
RDV	chr8	MYC	GAIN	50kb
RDV	chr9	CDKN2A	HETD	10kb
RDV	chr9	CDKN2A	HETD	50kb
RDV	chr9	NOTCH1	AMP	1000kb
RDV	chr9	NOTCH1	AMP	10kb
RDV	chr9	NOTCH1	AMP	500kb
RDV	chr9	NOTCH1	AMP	50kb
